id;numeroSecuriteSociale;nom;prenom;competences
5050;274080171881767;Läckberg;Åsa;C++
5051;134410211594980;Nesbo;Robert;Cuisine
5052;279582572081538;Chattam;Philip;Cuisine
5053;214633977380397;de Musset;S.J.;Culture d'orchidée
5054;220392434442957;Eco;Camilla;Politique
5055;181291379196529;Shelley;Peter;Macramé
5056;143270169698938;de Musset;Roger;Enseignement
5057;126253596479632;Zola;Jean-François;Développement web
5058;284388306975451;Mention;Umberto;Politique
5059;250696972257197;Bussi;Honoré;Médecine,Théâtre
5060;155815536702926;K. Rowling;Georges;Management,Cappilotractage
5061;189330561967937;Verne;Mark;Cuisine,Modern Jazz
5062;149172735721502;Chattam;Maxime;Cuisine végétarienne
5063;225200407216673;Camus;Åsa;Java,Développement web
5064;187942864303719;Gentry;Åsa;Culture d'orchidée
5065;150858846648335;Watson;Umberto;Cappilotractage,Modern Jazz
5066;188114079482329;Verne;Émile;Cuisine,Théâtre
5067;254900138922264;Chattam;Lisa;Culture d'orchidée,Cappilotractage
5068;265141390178082;Aragon;Jules;Culture d'orchidée,Politique
5069;118387470871434;Eco;Åsa;Cuisine végétarienne,Politique
5070;252504124900096;Verne;Amy;Médecine
5071;111795119412592;Kepler;Mary;Java,Enseignement
5072;213390477207517;Zola;Pierre;Cuisine
5073;273832989566131;Leon;Jane;Coiffure
5074;146567665101893;Chattam;Denis;Médecine,Modern Jazz
5075;121824859207189;Seskis;Amy;Modern Jazz
5076;280584590886862;May;Pierre;Cuisine végétarienne,Développement web
5077;259044244628601;Gardner;Fred;Macramé
5078;264837788268958;Indridason;Mark;C++
5079;203021189712379;Roberts;Philip;Cuisine,Coiffure
5080;191426570508186;Eco;Lars;Médecine
5081;156143138192188;Läckberg;Jules;Brassage d'air,Coiffure
5082;203139280245106;Zola;Albert;Théâtre,Politique
5083;123075551769329;Nesbo;Ian;Développement web
5084;214359070339813;de Musset;Albert;Java,Médecine
5085;266925678136549;Higgins;Lars;Théâtre
5086;184650414421980;Gentry;Jack;Java
5087;105351267016923;Hawkins;André;C++
5088;149367589014908;de Balzac;Louis;Théâtre,Cappilotractage
5089;168956240537902;Indridason;Tina;Cappilotractage
5090;168165507714573;Allan;Pierre;Développement web
5091;173067376457327;Diderot;Fred;Théâtre,Enseignement
5092;285446204902548;Jon Ellory;Donna;Médecine
5093;128770915679321;Jon Ellory;R.;Coiffure
5094;272836400383774;Allan;Michel;Modern Jazz
5095;234378290806950;Gardner;Mary;Cuisine
5096;115416457772091;Higgins;Michaël;Java
5097;124458248365064;Gide;Marc;C++,Développement web
5098;214090432238127;Indridason;Paula;Théâtre,Java
5099;230268993932356;Gide;Paula;Développement web
5100;112316139277298;Hayes;Camilla;Développement web,Politique
5101;148393695395821;Läckberg;Jack;Cappilotractage
5102;206898647009973;Higgins Clark;Terry;Cuisine végétarienne
5103;250768415046846;Kerr;Jules;Cuisine végétarienne
5104;149995598324648;Shelley;Michel;Enseignement,Coiffure
5105;136055487151053;Coben;Louis;Cuisine végétarienne,Macramé
5106;116910654913248;K. Rowling;S.J.;Théâtre,Enseignement
5107;230926603135396;Parot;Edgar;Cuisine végétarienne,Peinture
5108;134863717577918;Jon Ellory;Alfred;Java,Développement web
5109;287750944715337;Fleming;Pierre;Java,Théâtre
5110;237356153918744;Hayes;Lars;Coiffure,Cuisine
5111;285841986223469;Kepler;Bernard;Enseignement,Peinture
5112;181205981893222;Shelley;Camilla;Cappilotractage,Java
5113;284084092554613;Eco;Jules;Médecine
5114;280422534656298;Proust;Renaud;Cuisine
5115;138505607400681;Camus;Albert;Cuisine,Peinture
5116;103113933856178;Leon;Victor;Culture d'orchidée,Brassage d'air
5117;194238443962977;Jon Ellory;Jo;Enseignement,Cuisine
5118;252743955263220;Hugo;Léon;Enseignement,Java
5119;192090696486732;Higgins Clark;Åsa;Théâtre
5120;137642302044093;Läckberg;Arnaldur;Macramé,Management
5121;220415769286550;Gide;Georges;Modern Jazz
5122;268552576550096;Larsson;Arnaldur;Théâtre
5123;184841091882822;Mention;Åsa;Macramé
5124;266745363825370;Läckberg;Terry;Développement web
5125;138126412101711;Higgins;Åsa;Théâtre,Politique
5126;294792677357524;Camus;Camilla;Management,Développement web
5127;124321598575419;Wilde;Lisa;Cuisine,Coiffure
5128;196796195852993;Austen;Ian;Cappilotractage,Modern Jazz
5129;231912366434082;Higgins Clark;Denis;Brassage d'air
5130;248276632705310;Proust;Lars;Coiffure
5131;131081693873244;Paris;Edgar;Brassage d'air
5132;271545113126950;K. Rowling;Arnaldur;Cappilotractage
5133;234523720056525;Vargas;Alfred;Brassage d'air
5134;101928335438428;Eco;Arnaldur;Modern Jazz
5135;207391153705283;Tolstoï;Umberto;Management,Modern Jazz
5136;133306899302545;Aragon;Franz;Management
5137;182816818363218;Gardner;Lars;Modern Jazz
5138;224526522672272;Allan;Edgar;Cuisine végétarienne,Modern Jazz
5139;211025185227037;Nesbø;Jane;Brassage d'air
5140;232745350507156;Proust;Honoré;Médecine,Peinture
5141;183753465398854;Eco;Ian;Cappilotractage,Peinture
5142;135013400610178;Kafka;Denis;Enseignement
5143;132941556781376;Harper;Fred;Théâtre
5144;172261768205999;Asimov;Bernard;Politique,Modern Jazz
5145;258692359056814;Asimov;Oscar;Cappilotractage
5146;233306618777117;de Musset;Terry;Médecine,C++
5147;234843363413723;Pouchairet;Jean;Développement web
5148;209459472292452;Hugo;Camilla;Culture d'orchidée
5149;202489295345706;Wilde;J.;Coiffure
5150;276981520221679;Wilde;Georges;Cappilotractage
5151;137243146605070;Hawkins;Robert;C++
5152;171580598651542;Parot;Jean;Brassage d'air
5153;238391548387605;Chattam;Mary;Coiffure
5154;219696050097074;Bussi;Mary;Peinture
5155;127251140255591;Minier;Mary;Brassage d'air,Cuisine végétarienne
5156;147543620005570;Paris;Fred;Médecine,Cuisine
5157;162987531877080;Vargas;Mary;Management,Médecine
5158;119955182449066;Kerr;Nora;Management
5159;274787848442452;Levy;Amy;Java
5160;167705551562708;Levy;Émile;Cappilotractage,Brassage d'air
5161;181396834219119;Twain;Umberto;Modern Jazz
5162;269402031915509;May;Arthur;Java
5163;109408060416354;Hugo;Terry;Cuisine végétarienne
5164;231031595605645;Austen;Isaac;Java
5165;179520663507013;Kerr;Mary;Modern Jazz
5166;188381243370596;Louis;Georges;Cuisine végétarienne
5167;291965871047731;Lemaitre;Oscar;Cuisine végétarienne
5168;198647905248202;Camus;Jules;Cappilotractage,C++
5169;113994583244368;Austen;Nora;Cuisine,Java
5170;160925828823522;Kerr;Philip;Peinture,Java
5171;267688949433272;Hawkins;Robert;Modern Jazz,Cuisine végétarienne
5172;126017885608553;Nesbo;Léon;Développement web,Enseignement
5173;286401338080805;Asimov;Åsa;Médecine,Cuisine végétarienne
5174;103080755588605;Coben;Åsa;Brassage d'air,Coiffure
5175;161335373206390;Zola;Pierre;C++
5176;146016228043497;Vargas;Victor;Management,Développement web
5177;211494183737757;Bombard;Mary;Modern Jazz
5178;266436876165966;Vargas;Jean-François;Enseignement
5179;116041723719604;Hayes;Maxime;Coiffure,Management
5180;280888732160804;Roberts;Victor;Java,Théâtre
5181;176324109849510;Gardner;Philip;Politique,Théâtre
5182;202861234551877;Tolstoï;B.A.;Peinture
5183;182732847800221;Hayes;Donna;Java
5184;204166700341904;Nesbo;J.;Macramé
5185;157828208842345;Paris;Lisa;Macramé,Théâtre
5186;114654643940450;Louis;Maxime;Enseignement,Théâtre
5187;159201633732328;Gide;Jane;Médecine
5188;145008910939367;Allan;Jean;Enseignement,Cuisine
5189;206428052701610;Seskis;B.A.;Culture d'orchidée,Cuisine
5190;159914376566705;Roberts;Albert;Développement web
5191;233383932767930;London;Renaud;Peinture
5192;146702093811850;Louis;Lars;Brassage d'air
5193;236566407101690;Twain;Mary;Coiffure
5194;261904250575726;Kerr;Paula;Management
5195;236916310266946;K. Rowling;Léon;Modern Jazz,Enseignement
5196;120081514412600;Austen;Philip;Cuisine végétarienne
5197;249667652762950;Kerr;Marcel;Culture d'orchidée
5198;144063959146434;Higgins;J.;Médecine,Enseignement
5199;199230600458926;Roberts;Alfred;Peinture,Modern Jazz
5200;169921504678572;de Balzac;B.A.;Développement web
5201;190574985703576;Diderot;Donna;Modern Jazz,Politique
5202;282695418029970;Chattam;Albert;Cuisine végétarienne
5203;177704979066052;Higgins;Isaac;Enseignement
5204;164953103781409;Aragon;Tina;Cuisine végétarienne,C++
5205;100706456992974;Shelley;Arthur;C++
5206;111258466103882;Mention;Jo;Enseignement
5207;102574383455314;Camus;Jo;Politique,Modern Jazz
5208;264861190450966;Bussi;Jane;Enseignement,Peinture
5209;195306384657336;Zola;Michaël;Java,C++
5210;108632530150160;Shelley;Marc;Cappilotractage,Cuisine
5211;160290171981487;K. Rowling;Peter;Cuisine
5212;188552139316560;Lemaitre;Franz;C++,Java
5213;299999523178822;Wilde;Pierre;Théâtre,Culture d'orchidée
5214;252884817653803;Bussi;Jean-François;Cuisine végétarienne,Brassage d'air
5215;130603552576567;Seskis;Victor;Brassage d'air
5216;178296962368048;Minier;Franz;Médecine,Politique
5217;170613871541150;Bombard;Oscar;Médecine,Java
5218;268322888721676;Gardner;Nora;Culture d'orchidée,Politique
5219;102275330571149;Eco;Michel;Macramé,Modern Jazz
5220;293218144259220;Eco;B.A.;C++,Peinture
5221;104607539112365;Zola;Jules;Macramé
5222;167900195265234;May;Oscar;Java,Modern Jazz
5223;216485544102931;K. Rowling;Jean;Culture d'orchidée,Théâtre
5224;174499504302582;Kepler;Jo;Coiffure,Macramé
5225;205272000877589;Conan;Michaël;Cuisine végétarienne,Peinture
5226;237782052990947;Kerr;Åsa;C++
5227;298140697958156;Higgins Clark;Mary;Macramé
5228;281699293534850;Kerr;Maxime;Développement web
5229;169996165161931;Gardner;Émile;Java,Macramé
5230;180907419280763;Jon Ellory;J.;Macramé
5231;201882001807053;Hawkins;Maxime;Macramé,Médecine
5232;128863004409813;Coben;Honoré;Coiffure,Modern Jazz
5233;199831497759475;de Balzac;Jo;Brassage d'air,Enseignement
5234;133468132085589;J. Ellory;Umberto;Macramé
5235;114354190085474;Roberts;R.;Management
5236;147134861613542;Wilde;Harlan;Cuisine végétarienne
5237;278494324961439;Chattam;Marc;Culture d'orchidée,Développement web
5238;248080134461321;Mention;Mark;Cuisine,Coiffure
5239;220839134414464;Asimov;Umberto;Modern Jazz
5240;245521832639787;Bombard;Arthur;Brassage d'air
5241;200348858550880;de Balzac;Harlan;Cuisine végétarienne,Peinture
5242;233648747647119;Vargas;Fred;Macramé,Politique
5243;217882647228566;Proust;Renaud;Médecine
5244;140596564056287;Leon;Jane;Politique,Cuisine
5245;227342264106659;Tolstoï;Franz;Modern Jazz
5246;275775349858718;Watson;Albert;Coiffure
5247;174199094053848;Nesbø;Robert;Enseignement
5248;190574884750443;Austen;Philip;Coiffure
5249;181572941774186;Nesbø;Tina;Brassage d'air
5250;237160870022453;Fleming;J.;Coiffure
5251;234864026118607;Louis;R.;Enseignement,Développement web
5252;207068428683382;Chattam;Albert;Cappilotractage
5253;113891795444038;Kafka;Marc;Coiffure
5254;224432256959417;Kerr;J.;C++,Théâtre
5255;234664634664119;Kerr;Roger;Brassage d'air
5256;273158116427239;Indridason;S.J.;Brassage d'air
5257;272784006587468;Gardner;Amy;Management
5258;107485785828491;Zola;Franz;Coiffure,Enseignement
5259;246003623793363;Zola;Lars;Cuisine végétarienne
5260;170264308931065;Twain;Léon;Macramé,Médecine
5261;201955444092439;Simenon;Arthur;Peinture
5262;118234500654149;Watson;Mary;Brassage d'air
5263;182483219983380;Simenon;Michaël;Management
5264;153724885380402;Harper;Pierre;Brassage d'air,Management
5265;288475872857343;Harper;Alfred;Modern Jazz
5266;216282585885167;Parot;Jo;Médecine
5267;161761829229096;Bombard;Jane;Cuisine
5268;231447347579557;Gide;Marc;Politique
5269;127892667319159;Bussi;Jules;Cappilotractage
5270;268425371156123;Hayes;Émile;C++
5271;293590725578034;Parot;Jane;Peinture
5272;292783599853213;Minier;Arnaldur;Enseignement
5273;279808715145928;Minier;Roger;Java,Médecine
5274;259398133733639;K. Rowling;Arnaldur;Coiffure
5275;223432906988201;Aragon;Philip;C++,Cuisine végétarienne
5276;188809003636978;Vargas;Peter;Management,Cuisine
5277;297467766603896;Larsson;Michel;Développement web,C++
5278;225812294409871;K. Rowling;Ian;Cuisine végétarienne,Java
5279;198809443097378;Hugo;Mary;Culture d'orchidée
5280;196815211782499;d' Aillon;Lisa;Cuisine
5281;146438038937820;Lemaitre;Jack;Brassage d'air
5282;214824842439762;Parot;Mark;Politique
5283;141392016610035;Bombard;Mary;Politique
5284;155589059918843;Indridason;Michaël;Peinture
5285;145024078511758;Parot;Denis;Cuisine végétarienne,Macramé
5286;196736617030400;Harper;Jack;Cuisine,Médecine
5287;106143532887780;Allan;Peter;Cuisine végétarienne,Peinture
5288;108940939804607;Kepler;Alfred;Modern Jazz
5289;226272729423763;Paris;Marcel;Cuisine,Médecine
5290;100857211185693;May;Louis;Cappilotractage
5291;136400418143182;Hawkins;Jean;Médecine,Théâtre
5292;122911641819453;Kerr;Jean;C++
5293;155841503709365;Wilde;Edgar;Politique,Développement web
5294;104418910007596;Läckberg;Marc;Cuisine,Culture d'orchidée
5295;139883491174271;Kerr;Philip;Médecine,Macramé
5296;230986123904136;Levy;Jean-François;Coiffure
5297;256466653065082;Tolstoï;Fred;Cuisine
5298;179487142221179;Proust;Bernard;Management
5299;242554972208639;Kerr;Åsa;Cuisine,Développement web
5300;117305490684835;Zola;André;C++
5301;262629183284693;Austen;Franz;Enseignement
5302;239258741496422;Aragon;Umberto;Brassage d'air
5303;256290764626070;d' Aillon;S.J.;Peinture
5304;283477434187826;Fleming;Robert;Macramé
5305;144764144719770;Minier;Robert;Macramé
5306;116771529515145;Hugo;Franz;Cuisine,Cappilotractage
5307;148925344813637;K. Rowling;Pierre;Peinture,Cuisine végétarienne
5308;140020446399899;Roberts;Amy;C++,Médecine
5309;183672397156214;Watson;Nora;Développement web
5310;256583271167148;Larsson;Paula;Java
5311;154194477258423;Louis;Franz;Culture d'orchidée
5312;109100353582977;Louis;Renaud;Macramé,Culture d'orchidée
5313;154289172344959;K. Rowling;Mary;Management,Cuisine végétarienne
5314;172456800189080;Kerr;Lars;Management
5315;224833219449387;Vargas;Émile;Médecine
5316;282486985374833;Gide;Mary;Cappilotractage,C++
5317;275368913091139;May;Harlan;Modern Jazz,Culture d'orchidée
5318;254318677526138;Gide;Amy;Enseignement
5319;163853356701486;Twain;Louis;Politique
5320;169346005479419;Zola;Mark;Java,Enseignement
5321;271766268691032;Aragon;Fred;Macramé,Management
5322;139188450942913;Minier;Marc;C++
5323;114815776656158;Parot;Robert;Cuisine végétarienne,Enseignement
5324;246115342693915;Proust;Peter;Peinture,Cuisine
5325;203225205174800;Mention;Marcel;Culture d'orchidée
5326;203776276877895;Higgins;Michel;C++
5327;268071263621770;Larsson;Jane;Peinture
5328;255604369027796;Paris;Terry;Cappilotractage,Peinture
5329;266194455507274;de Musset;Arnaldur;C++,Théâtre
5330;180087940840703;Shelley;Donna;Enseignement
5331;146320511702771;Larsson;Harlan;Coiffure,Cuisine végétarienne
5332;295418732068089;Zola;Arnaldur;Cuisine
5333;103741232091092;Indridason;Alfred;Peinture,Culture d'orchidée
5334;282162328467832;Twain;Oscar;Macramé
5335;190705398084627;Aragon;Mary;Culture d'orchidée
5336;156245608633460;Hawkins;Jean;Développement web,Enseignement
5337;217917804638850;Leon;Jack;C++,Cuisine végétarienne
5338;192941305287445;Simenon;Mary;Brassage d'air,Management
5339;238550363626958;Coben;Tina;Macramé,Cuisine
5340;252003776959081;Bussi;Jane;Management
5341;232492662109187;Minier;Arnaldur;Politique,Brassage d'air
5342;259074720247360;Leon;Jo;Cappilotractage
5343;253523417603459;Higgins Clark;Nora;Management
5344;172824461024659;Watson;Jean-François;Coiffure
5345;186024515606755;Läckberg;Donna;Macramé
5346;232302522705095;Paris;S.J.;Enseignement
5347;243599303954469;Kerr;Isaac;Brassage d'air,C++
5348;162503995932493;Indridason;Paula;Peinture,Médecine
5349;290925647308902;Shelley;André;Management,Politique
5350;203801991021087;Eco;Jean;Modern Jazz,Peinture
5351;194111572418941;Higgins Clark;Harlan;Java
5352;286807746626266;Conan;Ian;Politique,Modern Jazz
5353;226523771816033;Coben;Roger;Cappilotractage,Modern Jazz
5354;181188050744601;Simenon;S.J.;C++
5355;235369090995683;Nesbo;Åsa;Modern Jazz,Cuisine
5356;138863243795911;Bombard;Louis;Cappilotractage,Modern Jazz
5357;164136841669239;Gentry;Fred;Macramé
5358;130906307289586;London;B.A.;C++,Culture d'orchidée
5359;219343187241319;Hayes;Georges;Management
5360;241621387065766;Mention;Isaac;Coiffure
5361;167929194934716;K. Rowling;Nora;Enseignement
5362;233657606856657;Kerr;Renaud;Développement web,Coiffure
5363;269278314695946;Verne;Pierre;Cuisine végétarienne,Java
5364;299600572548216;Higgins;Albert;Macramé
5365;178344157879780;Kerr;Philip;Management
5366;125656068394536;Fleming;Jo;Modern Jazz
5367;239006733973443;Harper;Tina;Théâtre
5368;241594544300216;Gentry;Michel;Culture d'orchidée,Cappilotractage
5369;102223354345101;Seskis;Bernard;Politique,Développement web
5370;173281237168156;Fleming;Franz;Médecine,Brassage d'air
5371;131286630841458;Kerr;Mary;Management,Java
5372;103960609153892;Vargas;Émile;Enseignement
5373;217127438126453;Fleming;Jane;Médecine,Java
5374;225097606521582;Vargas;Émile;Politique,Coiffure
5375;209531267062790;Wilde;Victor;Cappilotractage
5376;293951002961663;d' Aillon;Peter;Cuisine végétarienne,Modern Jazz
5377;113717549532674;Leon;Fred;Médecine,Culture d'orchidée
5378;279241039933472;Louis;André;Modern Jazz,Management
5379;237596038772752;Roberts;Denis;Brassage d'air
5380;179761298534917;Levy;Isaac;Brassage d'air,Cuisine végétarienne
5381;287618129099651;Parot;Jane;Cappilotractage
5382;189112384615182;Bussi;S.J.;Management
5383;155072379651792;Roberts;Fred;Enseignement,Théâtre
5384;177854893274243;Tolstoï;Honoré;Coiffure,C++
5385;254918815858216;Allan;Alfred;Politique,Médecine
5386;110032433548754;Kerr;J.;Macramé
5387;116615865552394;Higgins;Isaac;Modern Jazz
5388;231798388466112;Vargas;Mary;Médecine
5389;284182868177719;Hayes;Fred;Brassage d'air
5390;140226364904486;Diderot;Mary;Management
5391;212374349678336;Simenon;Jules;Brassage d'air,Java
5392;157290273541486;Pouchairet;Jack;Théâtre
5393;154127118980388;K. Rowling;Jo;C++
5394;246838592879190;Allan;Franz;Médecine,Cappilotractage
5395;134655703300764;de Musset;Marc;Coiffure,Management
5396;285756211803488;London;Nora;Politique,Enseignement
5397;255482183161069;Jon Ellory;R.;Médecine
5398;242477992639465;Vargas;Arthur;Java,Enseignement
5399;189214934745520;Watson;Terry;Enseignement,Médecine
5400;182375713865023;Hugo;Michaël;Cappilotractage
5401;229806089269838;London;Fred;Brassage d'air,Cappilotractage
5402;188734278764454;de Musset;Jo;Cuisine,Management
5403;208535591010410;de Musset;Albert;Coiffure
5404;229890639331923;Chattam;R.;Théâtre,C++
5405;196334485661016;Twain;Mary;Culture d'orchidée,C++
5406;188868939727835;Hugo;B.A.;Management
5407;273084504471208;Kepler;Philip;Cuisine végétarienne,Macramé
5408;156562011229977;Zola;Jean-François;Développement web
5409;209166169781063;Pouchairet;Jane;Cuisine,Macramé
5410;297196567227378;Diderot;Jane;Coiffure
5411;236033618168537;Hugo;Maxime;Modern Jazz
5412;232017333621820;Gentry;Isaac;Brassage d'air,Théâtre
5413;224078497272726;Bussi;Peter;Brassage d'air
5414;223075133716533;Jon Ellory;Lars;Culture d'orchidée,C++
5415;271066422886782;Levy;Lars;Java
5416;212231232196651;Allan;Mary;Cuisine
5417;157602935530054;Shelley;Jean-François;C++
5418;210164322507515;Watson;Michel;Macramé
5419;278308099055836;Leon;Georges;Politique,Développement web
5420;293740954518763;Aragon;S.J.;Coiffure
5421;243676181147954;Kerr;Oscar;Management
5422;299226194266313;Roberts;Philip;C++,Modern Jazz
5423;262315312717344;Twain;Mary;Management,Médecine
5424;253161796126035;Leon;B.A.;Médecine
5425;144177129608050;Hugo;Mary;Peinture,Brassage d'air
5426;151423304919206;Conan;Jane;Java,Cuisine végétarienne
5427;161738597815912;Kafka;Jo;Brassage d'air
5428;101701631774831;Aragon;Pierre;Java,Théâtre
5429;287652582393796;Paris;Pierre;Développement web
5430;261313161656540;Kepler;Jane;Médecine,Macramé
5431;146173949888179;Allan;Paula;C++
5432;284605648126073;Bombard;Terry;Management
5433;136468417390587;Fleming;Renaud;Développement web,Brassage d'air
5434;264954656746861;Kepler;Ian;Cappilotractage
5435;119470501829333;Vargas;Fred;Macramé
5436;188843603553557;Jon Ellory;Fred;Cuisine,Développement web
5437;256595763596658;Levy;Jack;Développement web
5438;107230839556159;Coben;Edgar;Culture d'orchidée,Java
5439;256503311591284;Roberts;Jean;Modern Jazz,Enseignement
5440;255041751611172;d' Aillon;Marc;Java
5441;293863502939743;Larsson;Åsa;Développement web
5442;278840924065240;Aragon;Fred;Culture d'orchidée
5443;204881514495631;Vargas;Mark;Théâtre,Médecine
5444;149450389603879;Conan;Michel;Médecine
5445;163572365520336;Gentry;Victor;Management
5446;176457428138656;Shelley;Harlan;C++,Développement web
5447;137872568314731;d' Aillon;Louis;Théâtre,Coiffure
5448;156904112275800;Kerr;Åsa;Politique
5449;197905991175032;Levy;Louis;Macramé,Développement web
5450;132301208768723;Proust;Peter;Culture d'orchidée
5451;141544383859564;Higgins;Fred;Brassage d'air,Enseignement
5452;119224196584505;Proust;Tina;Cuisine végétarienne
5453;154855690268511;Kerr;Jack;C++,Médecine
5454;199270515094579;Wilde;Marc;Peinture,Brassage d'air
5455;263613694724101;Kerr;Franz;Peinture
5456;233494025641060;de Balzac;Harlan;Coiffure
5457;120511973784716;May;Paula;Java
5458;140159304501180;Chattam;Jo;Management,Politique
5459;228661952525751;de Musset;André;Java,Management
5460;102880552983149;Nesbo;Philip;Java
5461;254044329564142;J. Ellory;Åsa;Cuisine végétarienne
5462;182927429492330;Minier;Camilla;Culture d'orchidée,Cuisine végétarienne
5463;243737743521743;Harper;Marc;Cuisine,C++
5464;147421656106831;Vargas;Léon;Peinture,Coiffure
5465;132874174996434;Austen;Harlan;Cuisine végétarienne,Macramé
5466;123454015180167;K. Rowling;Jean;Modern Jazz,Peinture
5467;261034703359058;Asimov;Åsa;Culture d'orchidée
5468;211577027733422;Fleming;Georges;Enseignement
5469;109681609605819;Kerr;Jo;Management
5470;281796336503833;Kafka;Åsa;C++,Enseignement
5471;133898658234702;Nesbø;Renaud;Médecine,Peinture
5472;213307153168397;Louis;Michaël;Java
5473;269236940359720;Coben;Philip;Cuisine
5474;226151026215261;Tolstoï;Roger;Développement web,Brassage d'air
5475;209803141108326;Roberts;Arthur;Cuisine,Brassage d'air
5476;225767277892165;Eco;Jean-François;Théâtre,Coiffure
5477;267187251271935;K. Rowling;Maxime;Brassage d'air
5478;159953235273431;London;Amy;Modern Jazz,Développement web
5479;126164683871445;Eco;Pierre;Macramé,Médecine
5480;171146712541841;J. Ellory;Roger;Macramé
5481;293256264068030;Paris;S.J.;Modern Jazz,Macramé
5482;189329007736176;Kafka;Jo;Développement web,Cuisine
5483;104293504801940;Tolstoï;Lars;Macramé,Médecine
5484;151240695866068;Leon;Jo;Management,Développement web
5485;168677473307219;Hugo;Lisa;C++
5486;200484706619728;Leon;Émile;Culture d'orchidée,Cuisine végétarienne
5487;289428644554301;Louis;Åsa;Théâtre
5488;106238234484870;Mention;Alfred;Cuisine,Cuisine végétarienne
5489;286826794139060;K. Rowling;Renaud;Peinture,C++
5490;203967578653331;London;Denis;Java
5491;159323444564928;London;Michaël;Politique
5492;218335156014899;Wilde;Mary;Java,Cuisine
5493;148091477693855;Roberts;Renaud;Management,Java
5494;155844481742869;Roberts;Arnaldur;Culture d'orchidée
5495;269313085081609;Kerr;Ian;Management,C++
5496;137412146619095;Jon Ellory;Donna;Théâtre,Brassage d'air
5497;175503185044169;May;Ian;Macramé
5498;253880541335265;Watson;Paula;Java,Médecine
5499;187331543241244;Camus;Denis;Management
5500;197096447951575;Higgins Clark;Albert;Modern Jazz
5501;168928283126025;Hayes;Maxime;Cuisine végétarienne,Java
5502;280755636242048;Tolstoï;Jack;Modern Jazz,Macramé
5503;243767372786833;Chattam;Edgar;Politique
5504;204594585251533;Louis;Denis;Cuisine
5505;119850275345190;Bombard;Philip;Macramé,Brassage d'air
5506;130533314065963;Indridason;Åsa;Brassage d'air
5507;146167690483610;Higgins Clark;Paula;Cuisine végétarienne
5508;170191969509729;Harper;Léon;Enseignement
5509;254082645327104;Louis;Arthur;Politique
5510;217585507248113;Jon Ellory;Robert;Culture d'orchidée
5511;256287077975297;Twain;Denis;C++,Coiffure
5512;234361521555658;d' Aillon;Léon;Culture d'orchidée,Java
5513;151698183239790;J. Ellory;Bernard;Cuisine végétarienne,Cappilotractage
5514;205033272434348;d' Aillon;Camilla;Cuisine,Politique
5515;188098384038727;Parot;Maxime;Peinture
5516;264447205058606;Verne;Bernard;Politique
5517;242229578279519;May;Albert;Cuisine,Enseignement
5518;277745254755791;Proust;Donna;Culture d'orchidée,Management
5519;104768830159858;Higgins;S.J.;Médecine,Java
5520;270111679626181;Allan;Lisa;Cappilotractage,Coiffure
5521;140402536695526;K. Rowling;Renaud;Cuisine végétarienne,Java
5522;157346280545173;de Musset;Camilla;Management
5523;161500985904758;Eco;Michel;Peinture,Modern Jazz
5524;197982036329202;Gentry;Fred;Cuisine
5525;201208999677284;Vargas;Roger;Management
5526;228611035081684;Austen;Michaël;Peinture,Enseignement
5527;174105643872188;Watson;Donna;Peinture
5528;163861546239301;K. Rowling;Georges;Modern Jazz,Théâtre
5529;164627929793501;Lemaitre;Maxime;Cuisine végétarienne
5530;219082996757307;Fleming;Fred;Culture d'orchidée,C++
5531;182177474640526;Coben;Harlan;Java,Modern Jazz
5532;154145217186101;Parot;Bernard;Cuisine,Cuisine végétarienne
5533;159254128186605;Simenon;Camilla;C++
5534;249984930123311;Minier;Mary;Coiffure
5535;272696461473341;Läckberg;Marcel;Médecine
5536;259757799740304;Seskis;Fred;Politique
5537;287170715101787;Hugo;Pierre;C++
5538;280652419643067;Higgins;Amy;Cappilotractage,Coiffure
5539;146980946056885;Larsson;Oscar;Peinture
5540;291634767894060;Allan;Mary;Modern Jazz
5541;219566533519615;K. Rowling;Camilla;Macramé,Politique
5542;264070264506009;Gentry;Tina;Enseignement,Développement web
5543;243738430318942;Higgins;J.;Enseignement,Politique
5544;100567881226022;de Balzac;Mark;Théâtre
5545;241495016134892;Nesbø;Mary;C++,Cuisine végétarienne
5546;205846256509178;Kepler;Peter;C++,Cuisine
5547;140969435424876;Kepler;Philip;Médecine
5548;253947020831440;Shelley;Jules;Brassage d'air
5549;168751761751753;Camus;Fred;Politique,Théâtre
5550;269187157340532;Twain;Arthur;Modern Jazz
5551;103870539284089;Parot;Mary;Java
5552;120329031047976;Diderot;Philip;Management
5553;248292739201810;Seskis;Honoré;Cuisine
5554;257594264603407;Nesbo;Fred;Cuisine végétarienne,Développement web
5555;125325471981421;J. Ellory;Jo;Cuisine végétarienne,Théâtre
5556;282241431888338;Gide;Renaud;Peinture
5557;122354003546237;Läckberg;Lars;Brassage d'air,Médecine
5558;270410133862527;Chattam;Camilla;Politique
5559;254985949614061;Larsson;Michel;Peinture,C++
5560;224030496310516;Kerr;Denis;Développement web,Cuisine
5561;196573939304165;Higgins;Jane;Management,Culture d'orchidée
5562;277236405636148;Proust;Åsa;C++,Brassage d'air
5563;108657556224915;London;Camilla;Théâtre,Management
5564;224487354597431;Austen;Robert;Coiffure
5565;116772306682249;May;Bernard;Coiffure,Cuisine
5566;262758287339575;Mention;B.A.;Management,Modern Jazz
5567;140470591831482;Gide;Georges;Culture d'orchidée
5568;201971484043143;de Musset;André;Management
5569;204439523101172;Austen;Émile;Brassage d'air,Culture d'orchidée
5570;277793051183035;Larsson;André;Macramé
5571;261699011096922;Kafka;André;Théâtre,Macramé
5572;223136884402294;Fleming;Arthur;Java,Développement web
5573;128965211096081;Kepler;Roger;Culture d'orchidée
5574;110366851198801;Vargas;Marc;C++
5575;297445825027977;Louis;Victor;Cappilotractage,Macramé
5576;130448872966411;Läckberg;Umberto;Culture d'orchidée,Management
5577;207463167202235;Hawkins;Fred;Cuisine,Culture d'orchidée
5578;178699192660809;Leon;Jo;Java
5579;225041646046773;Chattam;Albert;C++,Modern Jazz
5580;259935699062698;Tolstoï;Léon;Médecine
5581;157854728156839;Proust;Ian;Culture d'orchidée,Médecine
5582;114356234767570;Harper;J.;Culture d'orchidée
5583;150453411681097;Pouchairet;Marc;Macramé,Cuisine
5584;170850182423616;Proust;Lisa;Management,Culture d'orchidée
5585;101592951052567;de Musset;Renaud;Culture d'orchidée,Java
5586;226839145728295;Austen;Marc;Cappilotractage,Brassage d'air
5587;213485257705850;Läckberg;Jane;Cuisine
5588;254133442343641;London;Jean-François;C++,Peinture
5589;206484566377683;Jon Ellory;Harlan;Développement web
5590;160494855638483;Proust;Mark;Développement web,Cappilotractage
5591;275856920165335;Bombard;Mark;Enseignement,Culture d'orchidée
5592;287086393087560;Indridason;Mary;Coiffure
5593;112484726978145;Bombard;Philip;Médecine,Politique
5594;232122622065157;Mention;Louis;Médecine
5595;172738865627505;Parot;S.J.;Médecine
5596;280417739944277;Levy;Philip;Culture d'orchidée
5597;240642847961737;Minier;Pierre;Théâtre,Développement web
5598;259999327077158;May;Amy;Culture d'orchidée
5599;240486293511142;Larsson;Marcel;Java,Cuisine
5600;266662475418848;Vargas;Umberto;Java
5601;295690239207642;Larsson;Louis;Cuisine,Java
5602;171963383286193;de Balzac;Peter;Peinture,C++
5603;200377507264957;May;Oscar;Cuisine végétarienne
5604;264387537971308;Gentry;Louis;Théâtre,Management
5605;157687478129137;Verne;Roger;Java
5606;219969336869689;Lemaitre;Nora;Brassage d'air,Coiffure
5607;194921596491400;Chattam;Pierre;Cuisine,Coiffure
5608;195795630919034;Proust;Paula;Coiffure,Peinture
5609;152425065007302;Gide;Arthur;Modern Jazz
5610;166268819561441;Levy;S.J.;Développement web,Coiffure
5611;244826115665898;Gentry;Roger;Modern Jazz
5612;234860249040389;Vargas;R.;Cuisine
5613;239361705631567;J. Ellory;Franz;C++,Java
5614;151037789510125;Gentry;Mary;Enseignement
5615;118752018513607;Asimov;Jean-François;Enseignement,C++
5616;281288242911252;Vargas;Georges;Enseignement,Macramé
5617;222754426991691;Chattam;Oscar;Enseignement
5618;152974284139644;Hugo;Jo;Cuisine végétarienne,Médecine
5619;175230257111256;Shelley;Jo;Développement web
5620;188985732242893;d' Aillon;Renaud;Médecine,Brassage d'air
5621;102608336406843;Asimov;Marc;Politique
5622;191294989765808;Bussi;J.;Brassage d'air,Macramé
5623;204483310107855;Louis;Lars;Développement web,Médecine
5624;119114872728641;Conan;Pierre;Brassage d'air
5625;134408762697505;Kerr;Roger;Culture d'orchidée,C++
5626;178870522018271;Camus;Louis;Peinture,Cappilotractage
5627;128956845471909;Kafka;Donna;Cappilotractage
5628;128231395213868;Wilde;Robert;Macramé
5629;182948157559502;Twain;Jane;Médecine
5630;116709115115006;Shelley;Pierre;Coiffure
5631;136857709581321;Shelley;Arnaldur;Macramé
5632;237734359494045;Nesbø;Jo;Cuisine végétarienne,Management
5633;284818066759581;Zola;Jane;Développement web
5634;194847847494622;Watson;Georges;Coiffure,Enseignement
5635;276696619239803;Fleming;Lars;Théâtre
5636;145352592151921;Watson;Nora;Peinture
5637;243227680876465;Bombard;Umberto;Développement web,Cuisine végétarienne
5638;225234083414426;Hugo;S.J.;Culture d'orchidée,Management
5639;200656216572877;Levy;André;Management
5640;145581618292458;Diderot;Jane;Enseignement
5641;164603262664154;Watson;Mary;Management,Cuisine végétarienne
5642;158323533585960;Bombard;Fred;Coiffure
5643;183102525458655;Hayes;Fred;Coiffure
5644;203224838895469;Diderot;Jean;Macramé
5645;211189169996795;Chattam;Jo;Politique
5646;282494441936300;Kepler;Arthur;Java
5647;150002790457501;Indridason;Nora;Java
5648;275230901046479;Leon;Mark;Politique
5649;229163696472685;Allan;Fred;Java
5650;195471121648161;Harper;Mary;Macramé,Cappilotractage
5651;277379088672378;Larsson;Paula;Cuisine,Politique
5652;131820686237221;Vargas;B.A.;Politique,Théâtre
5653;170712606149446;Hayes;Roger;Politique,C++
5654;202194395999144;Roberts;Jane;Coiffure,Politique
5655;230503165119154;Roberts;Léon;C++
5656;235553164473676;Nesbo;Terry;Cappilotractage
5657;240024759401324;Nesbo;Mary;Management,Cuisine
5658;107556966083112;Aragon;J.;Développement web
5659;268888633689643;Leon;Paula;Cappilotractage,Brassage d'air
5660;252701571513919;Aragon;Émile;Culture d'orchidée,Politique
5661;267364311567157;de Musset;Robert;Coiffure
5662;243956671779590;Higgins Clark;Honoré;Java
5663;275205659806977;Hayes;Mark;Peinture,C++
5664;153304305492639;Shelley;Edgar;C++,Cappilotractage
5665;169500194576316;Asimov;Mary;Développement web
5666;164580980045410;Mention;Denis;Peinture,Coiffure
5667;182598686491226;Austen;Louis;Java
5668;153313366192434;Gardner;Georges;Politique,Cappilotractage
5669;279481497948216;London;Terry;Coiffure
5670;265803379888811;de Musset;Philip;Management
5671;221162825712937;de Balzac;Jack;Cuisine,Coiffure
5672;175275354910546;Asimov;Robert;Cuisine,Culture d'orchidée
5673;127378437291993;Harper;Georges;Développement web,Cuisine
5674;122117006449500;Hayes;Åsa;Peinture
5675;227664393964023;Indridason;Robert;Cuisine végétarienne
5676;217729222489449;Eco;Philip;Management,Macramé
5677;283630773105964;Zola;André;Médecine,Culture d'orchidée
5678;159232527336116;Chattam;Jo;Théâtre
5679;183917080978070;Watson;J.;C++,Théâtre
5680;240445885248931;Watson;Denis;Management
5681;255585759775340;K. Rowling;André;Java,Coiffure
5682;268725319054432;Hugo;Lisa;C++
5683;215554596060660;Nesbo;Tina;Macramé,Développement web
5684;154666903185991;Higgins;Terry;Modern Jazz
5685;252113866850133;de Musset;Mary;Macramé,Médecine
5686;140958318361824;Levy;Jo;Culture d'orchidée,Modern Jazz
5687;253051290140900;Läckberg;Georges;Java
5688;183422174313605;Conan;Mark;Modern Jazz,Cuisine
5689;265089286265492;Hugo;Marc;Coiffure
5690;137232572803768;Chattam;Robert;Coiffure,Médecine
5691;220035282657698;Louis;Denis;Théâtre,Macramé
5692;219225832772301;Louis;Paula;Médecine,Java
5693;136537910337734;Nesbo;Terry;Cappilotractage
5694;271133588805200;Watson;Marcel;Macramé,Cappilotractage
5695;180176690327101;Simenon;Mary;Développement web
5696;242935963955846;Seskis;Mary;Macramé
5697;173874807742137;Seskis;Victor;Java
5698;104251255580682;Roberts;Denis;C++
5699;189860128411809;Chattam;Jane;Médecine,Brassage d'air
5700;195163076405881;Louis;Bernard;Médecine,Culture d'orchidée
5701;244705641444161;Jon Ellory;Oscar;Management,Peinture
5702;134189240870976;Higgins;Louis;Médecine,Politique
5703;107604845843139;Larsson;Fred;Coiffure
5704;178138900182596;Paris;Denis;Politique
5705;259447367858209;Roberts;Amy;C++,Politique
5706;280353010751626;Allan;S.J.;Cuisine végétarienne
5707;244624438026646;Pouchairet;Donna;Théâtre
5708;225322088151131;Eco;Georges;Peinture
5709;226882414904286;Kerr;Jo;Politique,Enseignement
5710;155165072435111;Bombard;Harlan;Cappilotractage,Cuisine
5711;228800742844484;Nesbø;Denis;Théâtre
5712;174254467153362;Twain;André;Cappilotractage,Théâtre
5713;271482238680016;Hayes;Jo;Brassage d'air
5714;131185624564248;J. Ellory;Pierre;Java,Management
5715;169347893314846;Harper;Jean-François;Politique
5716;200287784751236;Austen;Donna;Brassage d'air
5717;256261549020127;Mention;Jo;Cuisine
5718;198960690269058;Twain;Bernard;Cuisine végétarienne
5719;290735128900532;Larsson;Michel;Politique,Management
5720;267083634622035;Lemaitre;S.J.;Cuisine végétarienne,Culture d'orchidée
5721;206929566935336;K. Rowling;Jane;Médecine,Politique
5722;248797188705036;Coben;Lars;Peinture
5723;293162977017247;Larsson;J.;Théâtre,Coiffure
5724;267161076158682;Simenon;Edgar;C++,Modern Jazz
5725;223738304535851;Parot;Jean;Management,Modern Jazz
5726;189905365907132;Minier;Jean;Management
5727;227321355224616;Parot;Mary;Politique
5728;100385170261530;Proust;Camilla;Macramé,Politique
5729;269959563985541;Leon;Michaël;Cuisine,Cuisine végétarienne
5730;191132164985469;Gide;Georges;Enseignement,Modern Jazz
5731;140516003600801;Pouchairet;Honoré;C++,Macramé
5732;173460418703177;Paris;Fred;Développement web
5733;167191828228628;Higgins Clark;Paula;Java
5734;187705342263541;Simenon;Alfred;Coiffure
5735;184718000432065;Camus;Jean;Modern Jazz
5736;249165307029174;London;Pierre;Modern Jazz,Cuisine
5737;137592696666289;d' Aillon;Léon;Brassage d'air,Macramé
5738;239755933548815;Wilde;Paula;C++
5739;177699154918436;Parot;Jack;Peinture,Culture d'orchidée
5740;147583477452155;Gardner;Marc;Développement web,Cuisine végétarienne
5741;166522081624014;Vargas;Michel;Modern Jazz
5742;186571315676275;Verne;R.;Peinture,Médecine
5743;112694129030175;Läckberg;Harlan;Brassage d'air,Java
5744;290280363430808;Tolstoï;Philip;Java,Modern Jazz
5745;154110726904026;Minier;J.;Java,Culture d'orchidée
5746;131871494910732;Seskis;Mary;Coiffure
5747;177067828010883;K. Rowling;Michel;Management,Développement web
5748;125503695552399;Bombard;Fred;Java
5749;181125796407680;Asimov;Arthur;C++
5750;144625000539227;Bombard;Jean-François;Java
5751;240344210027696;Kepler;Philip;Brassage d'air,Java
5752;151125266239117;Leon;Bernard;Brassage d'air
5753;151445175384943;Seskis;Philip;Culture d'orchidée
5754;197975704909785;Läckberg;Denis;Macramé,Enseignement
5755;186782973893118;de Musset;Robert;Java
5756;255700282911770;Camus;Fred;Cappilotractage,Cuisine
5757;288919068002340;Higgins Clark;Jean;Théâtre
5758;281972610127684;Vargas;Pierre;Cuisine
5759;135506004649980;Chattam;Umberto;Macramé
5760;244963100280363;Mention;Roger;Cuisine végétarienne
5761;183073148730216;Zola;Umberto;Cuisine,Culture d'orchidée
5762;171862335419345;Bussi;Åsa;Théâtre,Modern Jazz
5763;253285128169138;Vargas;Renaud;Cuisine,Java
5764;185145602354517;Conan;Marcel;Cuisine végétarienne
5765;278658302675131;Hayes;Pierre;Coiffure,Politique
5766;157225666729413;Zola;Pierre;Politique
5767;272321988183501;Paris;Arthur;Enseignement
5768;250441753018158;Minier;Mark;Management
5769;241678233659199;Simenon;Jo;Java
5770;206315979122492;London;B.A.;Cuisine végétarienne
5771;186035086001649;Camus;Mary;C++
5772;200769332637792;Läckberg;Harlan;Développement web,Macramé
5773;141246026709885;de Balzac;Mark;Cuisine végétarienne
5774;272730366604201;Gide;Isaac;Cuisine
5775;192193910987873;Parot;Ian;Java
5776;203601072694343;de Balzac;Umberto;Cuisine végétarienne
5777;210995325216893;Bussi;Denis;Cappilotractage,Culture d'orchidée
5778;222211222368454;Nesbø;Åsa;Management
5779;204845476339322;Watson;Robert;Culture d'orchidée
5780;217030861062056;Fleming;Lars;Développement web
5781;214962534553950;de Balzac;Isaac;C++
5782;182415826035024;Shelley;Harlan;Brassage d'air,Enseignement
5783;117221522852522;Watson;Umberto;Peinture,Cuisine
5784;175687186751629;Mention;Marcel;Culture d'orchidée,Peinture
5785;134603886277374;Bombard;Jules;Modern Jazz
5786;198858973048794;Läckberg;Mark;Coiffure
5787;278748335050960;Levy;J.;Management,Coiffure
5788;281571883979653;Higgins Clark;Oscar;Modern Jazz,Développement web
5789;185547122672883;Higgins;Pierre;Java,Enseignement
5790;229832291095224;Lemaitre;Marcel;Théâtre,Peinture
5791;190063696568833;Parot;Pierre;C++
5792;284999430215207;Kafka;Lisa;Management
5793;168878627480927;Gide;Fred;Java,Cappilotractage
5794;290648064069390;Gardner;Umberto;Cuisine,Médecine
5795;246813966796673;Leon;Michel;Cuisine
5796;152586427546141;Bussi;Roger;Cappilotractage
5797;118509390977328;Minier;Alfred;Théâtre
5798;119852464251050;Shelley;Philip;Cuisine végétarienne,Cappilotractage
5799;248949400701147;d' Aillon;Mary;Java,Enseignement
5800;243599210762256;Roberts;Terry;Cuisine,Management
5801;277290374514062;Gentry;Mark;Théâtre
5802;233593815492391;Kerr;Jo;Culture d'orchidée
5803;124337011162359;Camus;Arthur;Médecine
5804;265681876838704;Parot;Mary;Culture d'orchidée,Coiffure
5805;219861980927393;Hayes;Renaud;Théâtre,Médecine
5806;171997472271490;Camus;Jo;Politique
5807;198752965656155;Louis;B.A.;Cappilotractage
5808;213596248187933;Kafka;Fred;Java,Peinture
5809;108076728101296;Vargas;Edgar;Macramé,Théâtre
5810;115018126095617;Camus;Georges;Politique
5811;296903428613751;Gardner;Paula;Enseignement,Politique
5812;139441546232006;Jon Ellory;Pierre;Coiffure
5813;148749187602815;de Musset;Arnaldur;Brassage d'air
5814;261847806241613;Kerr;Robert;Médecine
5815;244232775291773;Twain;Fred;Management,Peinture
5816;204580367127564;Bussi;André;Cappilotractage
5817;124051301386142;Minier;Franz;Enseignement,Coiffure
5818;139596819220044;Jon Ellory;Pierre;Théâtre,Cuisine
5819;183991433155323;May;Louis;C++
5820;246341997098405;Twain;Jo;Management
5821;180020516219985;Seskis;Michaël;Management,Développement web
5822;170929577959865;de Balzac;Philip;Médecine,Culture d'orchidée
5823;261043732292086;Levy;J.;Peinture
5824;102730795904761;Coben;Arthur;Coiffure
5825;277440958032668;Bombard;Victor;Culture d'orchidée,Cuisine végétarienne
5826;107353484600553;Mention;Georges;C++
5827;171611075323395;Kepler;Bernard;Macramé
5828;168626476667584;Shelley;Harlan;Java,Cuisine
5829;273498270435722;Simenon;Terry;Peinture,Développement web
5830;187728464138667;Mention;André;Brassage d'air
5831;108427673119003;Leon;Jack;Développement web
5832;232382077477595;Hawkins;Nora;Développement web,Enseignement
5833;298076566122196;Asimov;Émile;Java,Enseignement
5834;148655404234949;May;Ian;Management
5835;283703186287793;Minier;Tina;Politique,C++
5836;265847783658344;de Musset;Paula;Management,Théâtre
5837;138741532575323;Pouchairet;Marc;Java
5838;189410200740379;Shelley;Åsa;Théâtre
5839;207735759416107;Gentry;Camilla;Macramé
5840;232862532990536;Pouchairet;Émile;Cuisine végétarienne,Coiffure
5841;251115935711276;Hawkins;Jane;Politique
5842;154120837341889;Levy;Jules;Développement web,Macramé
5843;131488104789692;Higgins;Léon;Brassage d'air
5844;147254923012783;Higgins Clark;Léon;Brassage d'air
5845;244828094588309;Pouchairet;Harlan;Peinture,Médecine
5846;130602027509998;Mention;Roger;Cuisine végétarienne
5847;259290834983356;d' Aillon;Maxime;Cuisine végétarienne
5848;197192131511412;Harper;Jo;Médecine
5849;180068645310129;Proust;Oscar;Médecine
5850;144524483660371;Mention;J.;Théâtre
5851;175387908253628;Leon;Honoré;Cuisine
5852;237906952182305;Läckberg;Philip;Développement web,Politique
5853;274728055649295;Eco;Amy;Cappilotractage
5854;133466976253206;Nesbo;Terry;Développement web
5855;263925990220661;Pouchairet;Åsa;C++
5856;130851675534279;Shelley;Donna;Coiffure,Théâtre
5857;216241471023360;London;Lars;Cappilotractage,C++
5858;254955865498560;Louis;Michel;Théâtre,Modern Jazz
5859;271218350748556;Chattam;Philip;C++
5860;212581917361131;Mention;R.;C++
5861;212739518671207;Jon Ellory;Mary;Théâtre,Cuisine végétarienne
5862;167953532521902;London;S.J.;Culture d'orchidée
5863;163525570647295;Watson;Fred;Coiffure
5864;183450120346064;Verne;Maxime;Brassage d'air,Cuisine végétarienne
5865;159012336540010;Gide;Philip;Cuisine végétarienne
5866;162202187343121;Leon;Albert;Enseignement
5867;199222396925728;Kepler;Mary;Java,Théâtre
5868;115443974914543;Proust;S.J.;Coiffure,Modern Jazz
5869;129158377227745;Chattam;Jack;Coiffure
5870;105721718637397;Higgins Clark;Marcel;Modern Jazz,Brassage d'air
5871;100434217679346;Twain;Jules;Cuisine végétarienne,Développement web
5872;284000429752978;Zola;Paula;Théâtre,Politique
5873;279463870516457;Louis;Alfred;Cappilotractage,Modern Jazz
5874;262532447173980;Asimov;Terry;Théâtre
5875;281615072154242;Bombard;Louis;Macramé
5876;276300429027748;Shelley;Philip;Cuisine végétarienne,Modern Jazz
5877;183230559313358;Pouchairet;Fred;Cuisine
5878;243304508229973;Vargas;Tina;Enseignement,Cuisine végétarienne
5879;108211295037276;Parot;Louis;Enseignement
5880;167394142313621;Bombard;Denis;Cuisine
5881;265186501602518;Kerr;Mary;Théâtre,Management
5882;105718931666859;Eco;Åsa;Java
5883;139345134784374;Bussi;Albert;Java
5884;161275651045567;Wilde;Isaac;Culture d'orchidée
5885;113652653633824;Minier;Terry;Peinture,C++
5886;299505356056139;Mention;Georges;Cuisine,Théâtre
5887;100808691481318;Higgins;Jean;Enseignement
5888;157152094177802;Kepler;B.A.;Cappilotractage
5889;101399372223881;d' Aillon;Mark;Cuisine,Macramé
5890;214377275318687;Chattam;Fred;C++,Cuisine végétarienne
5891;145899400250773;Gide;Umberto;Culture d'orchidée,Cuisine
5892;175741927995706;Higgins;Mary;Enseignement,Théâtre
5893;106407699583945;Nesbø;Lars;Culture d'orchidée,Cuisine végétarienne
5894;208394655212268;Lemaitre;Arthur;Cappilotractage
5895;173926868117379;Twain;Jane;Théâtre
5896;206305595973932;Shelley;Renaud;Culture d'orchidée,Cuisine
5897;122571301325348;Lemaitre;Jane;Cappilotractage
5898;163718687619732;d' Aillon;Michaël;Cappilotractage
5899;116182168623846;Indridason;Jean;Cuisine,Développement web
5900;220906285153008;K. Rowling;B.A.;Enseignement,Management
5901;270918720523153;Proust;Robert;Coiffure
5902;175780461193177;Watson;Nora;Management
5903;129987204382432;Vargas;Victor;Développement web
5904;272152255464280;Proust;Michel;Java
5905;261219464939470;Nesbo;Émile;Politique,Cappilotractage
5906;162918662138848;de Musset;B.A.;Politique,Cappilotractage
5907;180700700283051;Roberts;Jane;Modern Jazz
5908;204316237188804;Parot;Harlan;Cuisine
5909;186866194754387;Twain;Mary;Développement web
5910;100123309124178;Higgins;Jo;Management
5911;240981192777040;Harper;Isaac;Théâtre
5912;232816580127714;Roberts;Honoré;C++
5913;260584511136916;Twain;Marc;Cuisine végétarienne,Cappilotractage
5914;289158923981550;Paris;Jane;Cuisine végétarienne
5915;187870423371933;Larsson;Fred;Théâtre,Macramé
5916;118410909795030;Simenon;Edgar;Cuisine végétarienne
5917;283801463704038;Kerr;Jack;Culture d'orchidée,Développement web
5918;272806428708571;Zola;Jean;Cuisine végétarienne,Coiffure
5919;102953482995552;Camus;Lisa;Cuisine végétarienne,Cuisine
5920;234308525591937;Kafka;Åsa;Cuisine,Enseignement
5921;132601338588584;Hawkins;Arthur;Médecine,Théâtre
5922;175472536930156;Hawkins;Louis;Java,C++
5923;139721914060900;Conan;Mary;Management,Politique
5924;214047030595285;Pouchairet;Paula;Politique
5925;284450876711476;Higgins;Paula;Médecine
5926;153044294504400;Bussi;Jules;Brassage d'air
5927;242881033125602;Wilde;Lisa;Théâtre,C++
5928;235772667353688;Gentry;Camilla;Politique,Brassage d'air
5929;248184161966361;Leon;Lars;C++,Théâtre
5930;263990755628435;Louis;Nora;Cuisine,Médecine
5931;252554375964174;Minier;R.;Macramé
5932;167210463542235;Zola;Robert;Java,Médecine
5933;141612123056904;Vargas;Victor;Enseignement,Cuisine végétarienne
5934;131126386911399;Twain;Roger;Coiffure,Peinture
5935;210900986844529;Higgins Clark;Mary;Développement web,Enseignement
5936;100747086018804;de Musset;Honoré;Macramé,C++
5937;261385229143644;Wilde;Amy;Théâtre,Java
5938;139920710800923;Lemaitre;Mary;Macramé
5939;152812589199259;Chattam;Umberto;Développement web
5940;199647354872832;Vargas;Isaac;Culture d'orchidée
5941;179323825020970;J. Ellory;Roger;Politique,Médecine
5942;264482626300414;May;Lars;Politique,Théâtre
5943;135976811312480;Fleming;Peter;Médecine
5944;163073373761498;K. Rowling;B.A.;C++,Théâtre
5945;262367889624002;Eco;Terry;Médecine
5946;263901177525805;Vargas;Arthur;Développement web
5947;110489060172951;Eco;Robert;C++
5948;271684535866705;Lemaitre;Lisa;Cuisine végétarienne
5949;122461976945491;Läckberg;Edgar;Enseignement,Macramé
5950;149777319672103;Tolstoï;Jack;Culture d'orchidée
5951;156515494563531;Zola;Fred;Enseignement,Cappilotractage
5952;285741757287970;Tolstoï;R.;Macramé,Peinture
5953;183333572522182;Kerr;S.J.;Enseignement
5954;263746007988803;Kepler;Émile;Théâtre
5955;131441366500957;Indridason;Pierre;Management,Cuisine végétarienne
5956;170186504417060;Harper;Victor;Cappilotractage
5957;211854439248180;Wilde;Fred;Modern Jazz
5958;232531655165939;Tolstoï;Émile;Théâtre,Politique
5959;106099398236095;Hayes;Jules;Coiffure,Enseignement
5960;109876900176857;Lemaitre;Mark;Modern Jazz
5961;218588097145524;Coben;Louis;Cuisine végétarienne,Politique
5962;216265692318702;Bombard;Mary;Modern Jazz,Cuisine végétarienne
5963;220091721687958;Vargas;Mary;Management
5964;268043229277268;de Balzac;Honoré;Cuisine végétarienne,Brassage d'air
5965;104140497296487;Chattam;Louis;Enseignement
5966;255269580509302;Allan;Peter;Cappilotractage,Culture d'orchidée
5967;144231145033481;Hugo;Michaël;Enseignement,Cappilotractage
5968;222616939161870;Tolstoï;Robert;Cuisine,Peinture
5969;290388438108886;Jon Ellory;Albert;Enseignement,C++
5970;104550117176569;K. Rowling;Fred;Cuisine végétarienne,Politique
5971;218399299853175;d' Aillon;Franz;Coiffure
5972;289246802720802;Pouchairet;Jean;Cuisine végétarienne
5973;113868060348643;Eco;Albert;Politique
5974;270218623325657;Austen;Michaël;Peinture
5975;166142161229199;Gentry;Åsa;Cappilotractage
5976;292120116758902;Vargas;Jean;Théâtre,C++
5977;288218500651750;Simenon;Mark;Développement web
5978;197714151365857;Lemaitre;Camilla;Cappilotractage
5979;195733958885415;Kepler;Georges;Management,Modern Jazz
5980;181421679394513;Pouchairet;J.;Culture d'orchidée
5981;188991403245854;Gide;Pierre;Java,Enseignement
5982;116495958739070;de Musset;Jack;C++
5983;204508196551456;Lemaitre;Jo;Modern Jazz,Développement web
5984;197027276296981;Twain;Robert;Développement web,Modern Jazz
5985;282538647790403;Kerr;Ian;Culture d'orchidée,Brassage d'air
5986;131987638053730;Bombard;Jo;Java
5987;297666864964745;Fleming;Jack;Enseignement,Cuisine végétarienne
5988;276451973892254;Proust;Terry;C++,Coiffure
5989;163992558838378;Higgins;Albert;Modern Jazz,Cuisine végétarienne
5990;173455735756670;de Musset;Denis;Coiffure,Développement web
5991;131984857090830;Allan;Donna;Cuisine,Peinture
5992;181487550744369;Larsson;Jane;C++
5993;160509599619814;Wilde;Pierre;Cappilotractage
5994;286669397263004;Seskis;Albert;Modern Jazz
5995;177652561139438;Parot;André;Cuisine
5996;296724850126719;Kepler;André;Médecine,Enseignement
5997;103220172304750;Diderot;Honoré;Enseignement,Politique
5998;208894720411349;Leon;Georges;Management,Cuisine
5999;286126986508117;Gentry;Marcel;Développement web
6000;207588665149336;Higgins Clark;Harlan;Culture d'orchidée,Brassage d'air
6001;162337025285095;Nesbo;Émile;Cuisine végétarienne,Cappilotractage
6002;190280742500856;Twain;Victor;Coiffure
6003;275260879794486;Paris;Isaac;Théâtre,Enseignement
6004;173512847948786;Bombard;Mary;Cappilotractage
6005;230574196809435;Proust;Pierre;Théâtre,Macramé
6006;258490341401217;Kerr;Lisa;Peinture,Cuisine
6007;198804629469376;J. Ellory;Michel;Politique,Cuisine
6008;117033556082229;Leon;Maxime;Modern Jazz,Peinture
6009;248236822978083;Parot;Jules;Macramé,Enseignement
6010;247092937738664;Seskis;Fred;Cuisine,Macramé
6011;193654723484948;Harper;Jane;Java
6012;213973815881235;Kafka;Victor;Cappilotractage,Développement web
6013;143737962669458;Gide;Camilla;Théâtre
6014;207461396599678;Läckberg;Renaud;C++,Macramé
6015;116203905479939;Lemaitre;Fred;Management,Peinture
6016;229036168585807;K. Rowling;Umberto;Java
6017;109177254728783;Vargas;Michaël;C++,Cuisine
6018;247302739870084;Bussi;Mary;Peinture
6019;233771398187020;Hayes;Harlan;Management,Cappilotractage
6020;162334947046813;May;Tina;Cappilotractage,Cuisine végétarienne
6021;187657751231460;London;Mary;Coiffure,Brassage d'air
6022;249205613982012;Parot;Philip;C++
6023;290783165552701;Hugo;Émile;Macramé
6024;152461529767059;Nesbø;Terry;Brassage d'air,Enseignement
6025;129922965541488;Wilde;Robert;Politique
6026;250744990390902;Jon Ellory;Lisa;Brassage d'air
6027;294077889445165;Paris;Léon;Enseignement,Cuisine
6028;215330748638003;Simenon;Marcel;Macramé,Développement web
6029;117120957998748;Louis;B.A.;Culture d'orchidée,Macramé
6030;141554404108263;Camus;Michel;Médecine
6031;222135186792852;Roberts;Nora;C++
6032;294289123206897;Parot;Émile;Management
6033;272845089350811;Kerr;S.J.;Java,Peinture
6034;292298734318724;Diderot;Philip;Coiffure,Théâtre
6035;124365317587618;Paris;Robert;Culture d'orchidée,Management
6036;150006745834113;Watson;Michaël;Peinture,Brassage d'air
6037;236564399647107;de Musset;Louis;Macramé
6038;158997065913218;Hugo;Franz;Enseignement,Cuisine végétarienne
6039;264014132990986;Shelley;B.A.;Coiffure,Management
6040;182465745558751;K. Rowling;S.J.;Cuisine végétarienne,Développement web
6041;220329436390077;Higgins Clark;Mary;Coiffure,Politique
6042;200540443110058;Gardner;B.A.;Cappilotractage
6043;289639314735138;Gardner;Edgar;Développement web,Modern Jazz
6044;294367530321652;Coben;Léon;Brassage d'air,Management
6045;273104683061362;Chattam;Albert;Culture d'orchidée
6046;114155105580913;Bussi;Umberto;Théâtre
6047;225625982814220;London;Denis;Modern Jazz
6048;228017203593238;Twain;Émile;C++
6049;138591098427347;K. Rowling;B.A.;Cuisine végétarienne,Management
